{"stats":{"minecraft:custom":{"minecraft:jump":73,"minecraft:time_since_rest":3978,"minecraft:damage_dealt":110,"minecraft:crouch_one_cm":1003,"minecraft:sprint_one_cm":5089,"minecraft:play_time":3978,"minecraft:walk_on_water_one_cm":260,"minecraft:time_since_death":3978,"minecraft:walk_one_cm":5139,"minecraft:sneak_time":569,"minecraft:total_world_time":3978,"minecraft:mob_kills":1,"minecraft:drop":3,"minecraft:fall_one_cm":685,"minecraft:fly_one_cm":134586},"minecraft:mined":{"minecraft:grass":8},"minecraft:picked_up":{"minecraft:porkchop":3},"minecraft:killed":{"minecraft:pig":1},"minecraft:dropped":{"minecraft:porkchop":3}},"DataVersion":3465}